Step,Instant_Acc,Avg_Acc
0,0.0,0.0
1,0.0,0.0
2,0.0,0.0
3,0.0,0.0
4,100.0,20.0
5,0.0,16.666667938232422
6,100.0,28.571430206298828
7,0.0,25.0
8,0.0,22.22222328186035
9,0.0,20.0
10,0.0,18.18181800842285
11,0.0,16.666667938232422
12,0.0,15.384615898132324
13,0.0,14.285715103149414
14,0.0,13.333333969116211
15,0.0,12.5
16,0.0,11.764705657958984
17,0.0,11.111111640930176
18,0.0,10.526315689086914
19,0.0,10.0
20,0.0,9.523809432983398
21,0.0,9.090909004211426
22,100.0,13.043478965759277
23,0.0,12.5
24,0.0,12.0
25,0.0,11.538461685180664
26,0.0,11.111111640930176
27,0.0,10.714285850524902
28,0.0,10.344827651977539
29,100.0,13.333333969116211
30,0.0,12.90322494506836
31,0.0,12.5
32,0.0,12.121212005615234
33,0.0,11.764705657958984
34,0.0,11.428571701049805
35,0.0,11.111111640930176
36,100.0,13.513513565063477
37,0.0,13.1578950881958
38,100.0,15.384615898132324
39,100.0,17.5
40,0.0,17.073169708251953
41,0.0,16.66666603088379
42,0.0,16.279069900512695
43,0.0,15.909090995788574
44,0.0,15.555556297302246
45,0.0,15.217391967773438
46,0.0,14.893616676330566
47,0.0,14.583333969116211
48,0.0,14.285714149475098
49,0.0,14.0
50,0.0,13.72549057006836
51,0.0,13.461539268493652
52,0.0,13.207547187805176
53,0.0,12.962963104248047
54,0.0,12.727272033691406
55,0.0,12.500000953674316
56,100.0,14.035087585449219
57,0.0,13.793103218078613
58,0.0,13.559322357177734
59,0.0,13.333333969116211
60,100.0,14.754097938537598
61,0.0,14.516128540039062
62,0.0,14.285715103149414
63,0.0,14.0625
64,0.0,13.84615421295166
65,0.0,13.636363983154297
66,0.0,13.432835578918457
67,0.0,13.235294342041016
68,0.0,13.043478965759277
69,0.0,12.85714340209961
70,0.0,12.676055908203125
71,100.0,13.88888931274414
72,0.0,13.698630332946777
73,0.0,13.513513565063477
74,0.0,13.333333969116211
75,0.0,13.1578950881958
76,0.0,12.98701286315918
77,100.0,14.102563858032227
78,0.0,13.924051284790039
79,100.0,15.0
80,0.0,14.814814567565918
81,0.0,14.634145736694336
82,0.0,14.457830429077148
83,0.0,14.285714149475098
84,0.0,14.117647171020508
85,0.0,13.95348834991455
86,0.0,13.793103218078613
87,0.0,13.636363983154297
88,0.0,13.483146667480469
89,0.0,13.333333969116211
90,0.0,13.186813354492188
91,0.0,13.043478965759277
92,0.0,12.903225898742676
93,0.0,12.76595687866211
94,0.0,12.631579399108887
95,0.0,12.5
96,0.0,12.371133804321289
97,0.0,12.244897842407227
98,0.0,12.121212005615234
99,0.0,12.0
100,0.0,11.88118839263916
101,0.0,11.7647066116333
102,100.0,12.621358871459961
103,0.0,12.5
104,0.0,12.380952835083008
105,0.0,12.264151573181152
106,100.0,13.084112167358398
107,0.0,12.962963104248047
108,0.0,12.844036102294922
109,100.0,13.63636302947998
110,0.0,13.513513565063477
111,0.0,13.392857551574707
112,0.0,13.274335861206055
113,0.0,13.1578950881958
114,0.0,13.043478012084961
115,0.0,12.931034088134766
116,0.0,12.820513725280762
117,0.0,12.711864471435547
118,0.0,12.605042457580566
119,0.0,12.500000953674316
120,0.0,12.396693229675293
121,0.0,12.29508113861084
122,0.0,12.195121765136719
123,0.0,12.096774101257324
124,100.0,12.800000190734863
125,100.0,13.492064476013184
126,0.0,13.38582706451416
127,0.0,13.28125
128,0.0,13.17829418182373
129,0.0,13.076923370361328
130,0.0,12.977099418640137
131,0.0,12.878787994384766
132,0.0,12.781954765319824
133,0.0,12.686567306518555
134,0.0,12.592592239379883
135,0.0,12.5
136,0.0,12.408759117126465
137,0.0,12.318840980529785
138,0.0,12.230216026306152
139,0.0,12.142857551574707
140,0.0,12.056736946105957
141,0.0,11.971830368041992
142,0.0,11.88811206817627
143,0.0,11.80555534362793
144,0.0,11.724138259887695
145,0.0,11.643835067749023
146,0.0,11.56462574005127
147,0.0,11.486486434936523
148,100.0,12.080536842346191
149,0.0,12.0
150,0.0,11.92052936553955
151,0.0,11.8421049118042
152,0.0,11.764705657958984
153,0.0,11.688311576843262
154,0.0,11.612902641296387
155,0.0,11.538461685180664
156,0.0,11.46496868133545
157,0.0,11.39240550994873
158,0.0,11.320754051208496
159,0.0,11.25
160,100.0,11.80124282836914
161,0.0,11.728395462036133
162,0.0,11.656441688537598
163,0.0,11.585365295410156
164,0.0,11.515151023864746
165,0.0,11.445782661437988
166,0.0,11.377245903015137
167,0.0,11.309523582458496
168,0.0,11.242603302001953
169,0.0,11.176470756530762
170,100.0,11.695906639099121
171,0.0,11.627906799316406
172,0.0,11.560693740844727
173,100.0,12.068965911865234
174,0.0,12.0
175,0.0,11.931818962097168
176,0.0,11.86440658569336
177,0.0,11.79775333404541
178,0.0,11.731842994689941
179,0.0,11.666666984558105
180,100.0,12.154696464538574
181,0.0,12.087912559509277
182,0.0,12.021857261657715
183,0.0,11.956521987915039
184,100.0,12.432433128356934
185,0.0,12.365591049194336
186,0.0,12.29946517944336
187,0.0,12.234042167663574
188,0.0,12.1693115234375
189,0.0,12.105263710021973
190,0.0,12.041885375976562
191,100.0,12.5
192,0.0,12.435233116149902
193,0.0,12.371133804321289
194,0.0,12.307692527770996
195,0.0,12.244897842407227
196,0.0,12.182741165161133
197,0.0,12.121212005615234
198,0.0,12.060301780700684
199,0.0,12.0
200,0.0,11.940298080444336
201,0.0,11.88118839263916
202,0.0,11.822659492492676
203,0.0,11.7647066116333
204,0.0,11.707317352294922
205,0.0,11.65048599243164
206,0.0,11.594202995300293
207,0.0,11.538461685180664
208,0.0,11.483253479003906
209,0.0,11.428571701049805
210,0.0,11.374407768249512
211,100.0,11.792452812194824
212,0.0,11.737089157104492
213,0.0,11.682242393493652
214,0.0,11.627906799316406
215,0.0,11.574073791503906
216,0.0,11.520737648010254
217,100.0,11.926605224609375
218,0.0,11.872145652770996
219,0.0,11.818181037902832
220,0.0,11.7647066116333
221,0.0,11.711711883544922
222,0.0,11.65919303894043
223,0.0,11.60714340209961
224,0.0,11.555556297302246
225,100.0,11.94690227508545
226,0.0,11.894272804260254
227,0.0,11.8421049118042
228,0.0,11.790392875671387
229,0.0,11.739130020141602
230,100.0,12.121212005615234
231,0.0,12.068965911865234
232,100.0,12.446352005004883
233,0.0,12.393162727355957
234,0.0,12.340425491333008
235,100.0,12.711864471435547
236,100.0,13.080167770385742
237,100.0,13.445379257202148
238,100.0,13.807531356811523
239,100.0,14.166666984558105
240,100.0,14.522822380065918
241,0.0,14.462809562683105
242,0.0,14.403291702270508
243,0.0,14.344261169433594
244,0.0,14.285713195800781
245,100.0,14.634145736694336
246,0.0,14.574898719787598
247,0.0,14.516128540039062
248,100.0,14.859436988830566
249,0.0,14.80000114440918
250,0.0,14.741036415100098
251,0.0,14.682540893554688
252,0.0,14.624506950378418
253,0.0,14.56692886352539
254,0.0,14.509804725646973
255,100.0,14.84375
256,0.0,14.785992622375488
257,0.0,14.728682518005371
258,100.0,15.057914733886719
259,0.0,15.0
260,0.0,14.94252872467041
261,0.0,14.885496139526367
262,0.0,14.828897476196289
263,0.0,14.772727966308594
264,0.0,14.716980934143066
265,0.0,14.661654472351074
266,0.0,14.606741905212402
267,0.0,14.552238464355469
268,0.0,14.498141288757324
269,0.0,14.44444465637207
270,0.0,14.391143798828125
271,0.0,14.338234901428223
272,100.0,14.65201473236084
273,0.0,14.598540306091309
274,0.0,14.545454978942871
275,0.0,14.492753982543945
276,0.0,14.440433502197266
277,0.0,14.388489723205566
278,0.0,14.336917877197266
279,0.0,14.285714149475098
280,0.0,14.234875679016113
281,0.0,14.184396743774414
282,0.0,14.134275436401367
283,0.0,14.08450698852539
284,0.0,14.035087585449219
285,0.0,13.986013412475586
286,0.0,13.93728256225586
287,0.0,13.88888931274414
288,0.0,13.84083080291748
289,0.0,13.793103218078613
290,0.0,13.745704650878906
291,0.0,13.698630332946777
292,0.0,13.651876449584961
293,0.0,13.60544204711914
294,0.0,13.559321403503418
295,0.0,13.513513565063477
296,0.0,13.468012809753418
297,0.0,13.422819137573242
298,0.0,13.377925872802734
299,0.0,13.333333969116211
300,0.0,13.28903579711914
301,0.0,13.245033264160156
302,0.0,13.20132064819336
303,0.0,13.1578950881958
304,0.0,13.114753723144531
305,0.0,13.071895599365234
306,0.0,13.029315948486328
307,100.0,13.311688423156738
308,0.0,13.268609046936035
309,0.0,13.22580623626709
310,0.0,13.183279991149902
311,0.0,13.14102554321289
312,0.0,13.099040985107422
313,0.0,13.05732536315918
314,0.0,13.015872955322266
315,0.0,12.97468376159668
316,0.0,12.933753967285156
317,0.0,12.893081665039062
318,0.0,12.85266399383545
319,0.0,12.8125
320,0.0,12.772584915161133
321,0.0,12.732919692993164
322,0.0,12.693497657775879
323,0.0,12.65432071685791
324,0.0,12.615385055541992
325,0.0,12.57668685913086
326,0.0,12.538227081298828
327,100.0,12.804877281188965
328,0.0,12.765957832336426
329,0.0,12.727272033691406
330,0.0,12.688821792602539
331,0.0,12.650602340698242
332,0.0,12.6126127243042
333,0.0,12.574851036071777
334,0.0,12.537313461303711
335,0.0,12.5
336,0.0,12.462907791137695
337,0.0,12.42603588104248
338,0.0,12.38938045501709
339,0.0,12.352941513061523
340,0.0,12.316715240478516
341,100.0,12.573099136352539
342,0.0,12.536443710327148
343,100.0,12.790698051452637
344,100.0,13.043478965759277
345,0.0,13.005780220031738
346,100.0,13.256484031677246
347,100.0,13.505746841430664
348,0.0,13.467049598693848
349,0.0,13.428571701049805
350,0.0,13.390313148498535
351,0.0,13.352272987365723
352,0.0,13.314447402954102
353,0.0,13.276836395263672
354,0.0,13.239436149597168
355,0.0,13.202247619628906
356,0.0,13.165266036987305
357,100.0,13.407820701599121
358,0.0,13.37047290802002
359,0.0,13.333333969116211
360,0.0,13.296398162841797
361,0.0,13.259669303894043
362,0.0,13.223140716552734
363,0.0,13.186813354492188
364,0.0,13.15068531036377
365,0.0,13.114753723144531
366,0.0,13.079018592834473
367,0.0,13.043478965759277
368,0.0,13.008130073547363
369,0.0,12.972972869873047
370,0.0,12.938005447387695
371,0.0,12.903225898742676
372,0.0,12.868633270263672
373,100.0,13.101604461669922
374,0.0,13.066666603088379
375,0.0,13.031914710998535
376,0.0,12.997346878051758
377,0.0,12.96296215057373
378,0.0,12.928760528564453
379,0.0,12.894737243652344
380,100.0,13.123359680175781
381,0.0,13.089005470275879
382,0.0,13.054830551147461
383,0.0,13.020833969116211
384,0.0,12.98701286315918
385,0.0,12.953367233276367
386,0.0,12.919897079467773
387,100.0,13.144329071044922
388,0.0,13.110539436340332
389,0.0,13.076923370361328
390,0.0,13.043478012084961
391,0.0,13.01020336151123
392,0.0,12.977099418640137
393,0.0,12.944162368774414
394,0.0,12.911392211914062
395,100.0,13.13131332397461
396,100.0,13.350125312805176
397,0.0,13.316582679748535
398,100.0,13.533834457397461
399,0.0,13.5
400,0.0,13.466334342956543
401,0.0,13.432835578918457
402,0.0,13.399503707885742
403,0.0,13.366336822509766
404,0.0,13.333333969116211
405,0.0,13.300492286682129
406,0.0,13.267812728881836
407,0.0,13.235294342041016
408,0.0,13.202934265136719
409,0.0,13.170731544494629
410,0.0,13.138686180114746
411,0.0,13.106796264648438
412,0.0,13.075060844421387
413,0.0,13.043478012084961
414,0.0,13.012048721313477
415,0.0,12.980770111083984
416,0.0,12.949640274047852
417,0.0,12.918660163879395
418,0.0,12.887828826904297
419,0.0,12.85714340209961
420,0.0,12.826603889465332
421,100.0,13.033175468444824
422,0.0,13.002364158630371
423,100.0,13.207547187805176
424,100.0,13.411764144897461
425,0.0,13.380281448364258
426,0.0,13.348945617675781
427,0.0,13.317756652832031
428,0.0,13.286713600158691
429,0.0,13.255813598632812
430,0.0,13.225057601928711
431,0.0,13.19444465637207
432,0.0,13.163971900939941
433,0.0,13.13364028930664
434,0.0,13.103447914123535
435,0.0,13.073393821716309
436,0.0,13.043478012084961
437,0.0,13.013697624206543
438,0.0,12.984055519104004
439,100.0,13.181818008422852
440,0.0,13.151927947998047
441,0.0,13.122172355651855
442,0.0,13.092551231384277
443,0.0,13.063063621520996
444,0.0,13.033707618713379
445,0.0,13.004485130310059
446,100.0,13.199105262756348
447,0.0,13.16964340209961
448,0.0,13.140312194824219
449,0.0,13.111111640930176
450,0.0,13.082039833068848
451,0.0,13.05309772491455
452,100.0,13.245033264160156
453,0.0,13.215858459472656
454,100.0,13.406594276428223
455,0.0,13.377193450927734
456,0.0,13.347921371459961
457,0.0,13.318777084350586
458,0.0,13.289759635925293
459,0.0,13.260869026184082
460,0.0,13.232104301452637
461,0.0,13.203463554382324
462,0.0,13.174945831298828
463,100.0,13.362069129943848
464,0.0,13.333333969116211
465,100.0,13.519312858581543
466,0.0,13.490364074707031
467,0.0,13.461539268493652
468,100.0,13.646056175231934
469,0.0,13.617020606994629
470,0.0,13.58811092376709
471,0.0,13.559322357177734
472,0.0,13.530654907226562
473,0.0,13.50210952758789
474,0.0,13.47368335723877
475,0.0,13.445379257202148
476,0.0,13.417190551757812
477,0.0,13.389121055603027
478,0.0,13.361169815063477
479,0.0,13.333333969116211
480,100.0,13.513513565063477
481,100.0,13.692946434020996
482,0.0,13.664596557617188
483,0.0,13.63636302947998
484,0.0,13.608247756958008
485,0.0,13.580246925354004
486,0.0,13.552361488342285
487,100.0,13.729507446289062
488,0.0,13.701431274414062
489,0.0,13.673468589782715
490,0.0,13.645622253417969
491,0.0,13.61788558959961
492,0.0,13.590263366699219
493,0.0,13.562753677368164
494,0.0,13.535354614257812
495,0.0,13.508064270019531
496,0.0,13.480884552001953
497,0.0,13.453814506530762
498,0.0,13.426854133605957
499,0.0,13.40000057220459
500,0.0,13.37325382232666
501,0.0,13.346613883972168
502,0.0,13.32007884979248
503,0.0,13.293651580810547
504,0.0,13.267327308654785
505,0.0,13.241106986999512
506,100.0,13.41222858428955
507,0.0,13.38582706451416
508,0.0,13.359528541564941
509,0.0,13.333333969116211
510,0.0,13.30724048614502
511,0.0,13.28125
512,0.0,13.25536060333252
513,100.0,13.424124717712402
514,0.0,13.398058891296387
515,100.0,13.56589126586914
516,0.0,13.539651870727539
517,0.0,13.513513565063477
518,0.0,13.487476348876953
519,0.0,13.461538314819336
520,0.0,13.435700416564941
521,0.0,13.409961700439453
522,0.0,13.384321212768555
523,0.0,13.358778953552246
524,100.0,13.523809432983398
525,0.0,13.498098373413086
526,0.0,13.472485542297363
527,0.0,13.446969985961914
528,0.0,13.421550750732422
529,0.0,13.39622688293457
530,0.0,13.370997428894043
531,0.0,13.345865249633789
532,0.0,13.320825576782227
533,0.0,13.295880317687988
534,0.0,13.271028518676758
535,0.0,13.246268272399902
536,0.0,13.221601486206055
537,0.0,13.197026252746582
538,0.0,13.172541618347168
539,0.0,13.148147583007812
540,0.0,13.123845100402832
541,0.0,13.099631309509277
542,0.0,13.075506210327148
543,100.0,13.235294342041016
544,0.0,13.21100902557373
545,100.0,13.369963645935059
546,0.0,13.345520973205566
547,0.0,13.321167945861816
548,0.0,13.296903610229492
549,0.0,13.272727012634277
550,0.0,13.248639106750488
551,0.0,13.224637985229492
552,0.0,13.200723648071289
553,0.0,13.176895141601562
554,100.0,13.333333969116211
555,0.0,13.30935287475586
556,100.0,13.464991569519043
557,0.0,13.4408597946167
558,0.0,13.416815757751465
559,0.0,13.392857551574707
560,0.0,13.368983268737793
561,100.0,13.523131370544434
562,0.0,13.499112129211426
563,0.0,13.475176811218262
564,0.0,13.451327323913574
565,0.0,13.42756175994873
566,100.0,13.580246925354004
567,0.0,13.556337356567383
568,0.0,13.532513618469238
569,0.0,13.508771896362305
570,0.0,13.485113143920898
571,0.0,13.461538314819336
572,0.0,13.438045501708984
573,0.0,13.414634704589844
574,0.0,13.391304969787598
575,0.0,13.36805534362793
576,0.0,13.344887733459473
577,100.0,13.494810104370117
578,0.0,13.471502304077148
579,0.0,13.448275566101074
580,0.0,13.425128936767578
581,0.0,13.40206241607666
582,0.0,13.379074096679688
583,0.0,13.35616397857666
584,0.0,13.333333015441895
585,100.0,13.48122787475586
586,0.0,13.45826244354248
587,0.0,13.43537425994873
588,0.0,13.412564277648926
589,0.0,13.389830589294434
590,0.0,13.36717414855957
591,0.0,13.344594955444336
592,0.0,13.322091102600098
593,0.0,13.299662590026855
594,100.0,13.445378303527832
595,0.0,13.422819137573242
596,0.0,13.400335311889648
597,100.0,13.545150756835938
598,100.0,13.689481735229492
599,0.0,13.666666984558105
600,0.0,13.643926620483398
601,0.0,13.621262550354004
602,0.0,13.598672866821289
603,0.0,13.57615852355957
604,0.0,13.553718566894531
605,0.0,13.531353950500488
606,0.0,13.509060859680176
607,0.0,13.486842155456543
608,0.0,13.464695930480957
609,0.0,13.442623138427734
610,0.0,13.420621871948242
611,0.0,13.398693084716797
612,0.0,13.376835823059082
613,0.0,13.355048179626465
614,0.0,13.333333015441895
615,0.0,13.311688423156738
616,0.0,13.29011344909668
617,0.0,13.268609046936035
618,0.0,13.247173309326172
619,0.0,13.22580623626709
620,0.0,13.204508781433105
621,0.0,13.183279991149902
622,0.0,13.162118911743164
623,100.0,13.301281929016113
624,0.0,13.279999732971191
625,0.0,13.258785247802734
626,0.0,13.237639427185059
627,100.0,13.3757963180542
628,0.0,13.354531288146973
629,100.0,13.492063522338867
630,0.0,13.470682144165039
631,0.0,13.44936752319336
632,100.0,13.586097717285156
633,0.0,13.564668655395508
634,0.0,13.543307304382324
635,100.0,13.679244995117188
636,100.0,13.814757347106934
637,100.0,13.94984245300293
638,0.0,13.92801284790039
639,0.0,13.90625
640,0.0,13.88455581665039
641,0.0,13.862927436828613
642,0.0,13.841368675231934
643,0.0,13.819875717163086
644,0.0,13.798449516296387
645,0.0,13.77708911895752
646,0.0,13.7557954788208
647,0.0,13.734567642211914
648,0.0,13.71340560913086
649,100.0,13.84615421295166
650,0.0,13.824884414672852
651,0.0,13.803680419921875
652,0.0,13.78254222869873
653,0.0,13.761467933654785
654,0.0,13.740458488464355
655,0.0,13.719511985778809
656,0.0,13.698630332946777
657,100.0,13.829787254333496
658,0.0,13.80880069732666
659,0.0,13.787878036499023
660,0.0,13.767019271850586
661,0.0,13.746223449707031
662,0.0,13.72549057006836
663,0.0,13.704818725585938
664,0.0,13.684210777282715
665,0.0,13.663663864135742
666,0.0,13.643178939819336
667,0.0,13.62275505065918
668,0.0,13.602391242980957
669,0.0,13.5820894241333
670,0.0,13.561847686767578
671,0.0,13.541666984558105
672,100.0,13.670133590698242
673,100.0,13.798219680786133
674,0.0,13.777777671813965
675,0.0,13.757396697998047
676,0.0,13.737074851989746
677,100.0,13.864306449890137
678,100.0,13.99116325378418
679,100.0,14.117647171020508
680,100.0,14.243759155273438
681,0.0,14.22287368774414
682,0.0,14.20205020904541
683,0.0,14.181286811828613
684,0.0,14.16058349609375
685,100.0,14.285715103149414
686,0.0,14.264920234680176
687,100.0,14.389534950256348
688,100.0,14.513788223266602
689,0.0,14.492753982543945
690,0.0,14.471779823303223
691,0.0,14.45086669921875
692,0.0,14.430014610290527
693,0.0,14.409221649169922
694,0.0,14.38848876953125
695,0.0,14.367815971374512
696,0.0,14.34720230102539
697,100.0,14.469914436340332
698,0.0,14.449213981628418
699,0.0,14.428571701049805
700,100.0,14.550642013549805
701,0.0,14.529914855957031
702,0.0,14.509245872497559
703,0.0,14.48863697052002
704,0.0,14.468084335327148
705,0.0,14.447591781616211
706,0.0,14.427157402038574
707,0.0,14.406779289245605
708,0.0,14.386460304260254
709,0.0,14.366196632385254
710,0.0,14.345991134643555
711,0.0,14.32584285736084
712,0.0,14.305749893188477
713,0.0,14.285714149475098
714,0.0,14.265734672546387
715,0.0,14.245809555053711
716,0.0,14.22594165802002
717,0.0,14.206128120422363
718,0.0,14.186369895935059
719,0.0,14.166666984558105
720,0.0,14.147018432617188
721,0.0,14.127423286437988
722,0.0,14.107884407043457
723,0.0,14.088397979736328
724,0.0,14.068965911865234
725,100.0,14.187328338623047
726,0.0,14.167813301086426
727,0.0,14.148351669311523
728,0.0,14.12894344329834
729,0.0,14.109589576721191
730,0.0,14.090288162231445
731,100.0,14.207650184631348
732,0.0,14.188267707824707
733,0.0,14.168936729431152
734,0.0,14.149660110473633
735,0.0,14.1304349899292
736,0.0,14.111262321472168
737,0.0,14.092141151428223
738,0.0,14.073071479797363
739,100.0,14.189189910888672
740,100.0,14.30499267578125
741,100.0,14.42048454284668
742,100.0,14.535665512084961
743,100.0,14.650537490844727
744,100.0,14.765101432800293
745,100.0,14.87935733795166
746,0.0,14.859437942504883
747,100.0,14.973262786865234
748,100.0,15.086783409118652
749,0.0,15.066666603088379
750,100.0,15.179759979248047
751,0.0,15.159573554992676
752,0.0,15.139442443847656
753,100.0,15.251989364624023
754,0.0,15.231788635253906
755,0.0,15.211639404296875
756,100.0,15.323646545410156
757,0.0,15.303430557250977
758,0.0,15.283267974853516
759,0.0,15.263158798217773
760,100.0,15.374506950378418
761,100.0,15.485564231872559
762,0.0,15.465269088745117
763,100.0,15.575916290283203
764,100.0,15.686274528503418
765,0.0,15.665796279907227
766,100.0,15.775749206542969
767,100.0,15.885416984558105
768,0.0,15.86475944519043
769,0.0,15.844155311584473
770,100.0,15.953307151794434
771,100.0,16.062175750732422
772,100.0,16.17076301574707
773,100.0,16.279069900512695
774,0.0,16.25806427001953
775,0.0,16.237112045288086
776,0.0,16.216217041015625
777,0.0,16.19537353515625
778,0.0,16.174583435058594
779,0.0,16.153846740722656
780,0.0,16.133163452148438
781,0.0,16.112531661987305
782,0.0,16.09195327758789
783,0.0,16.071428298950195
784,0.0,16.050954818725586
785,100.0,16.157760620117188
786,0.0,16.137229919433594
787,0.0,16.116750717163086
788,100.0,16.223066329956055
789,0.0,16.202531814575195
790,0.0,16.182048797607422
791,0.0,16.1616153717041
792,100.0,16.2673397064209
793,0.0,16.246850967407227
794,0.0,16.226415634155273
795,100.0,16.33165740966797
796,0.0,16.311166763305664
797,0.0,16.290727615356445
798,0.0,16.27033805847168
799,0.0,16.25
800,0.0,16.229713439941406
801,0.0,16.209476470947266
802,0.0,16.189289093017578
803,0.0,16.169153213500977
804,0.0,16.14906883239746
805,0.0,16.129032135009766
806,0.0,16.109046936035156
807,0.0,16.089109420776367
808,0.0,16.06922149658203
809,0.0,16.04938316345215
810,0.0,16.029592514038086
811,0.0,16.009851455688477
812,0.0,15.99015998840332
813,0.0,15.970515251159668
814,100.0,16.073619842529297
815,0.0,16.053922653198242
816,0.0,16.034271240234375
817,0.0,16.014671325683594
818,0.0,15.995116233825684
819,0.0,15.97560977935791
820,0.0,15.956151962280273
821,0.0,15.936739921569824
822,0.0,15.917376518249512
823,0.0,15.89805793762207
824,100.0,16.0
825,100.0,16.101696014404297
826,100.0,16.203144073486328
827,100.0,16.30434799194336
828,0.0,16.28468132019043
829,0.0,16.265060424804688
830,0.0,16.245487213134766
831,0.0,16.225961685180664
832,0.0,16.20648193359375
833,100.0,16.306955337524414
834,0.0,16.287425994873047
835,0.0,16.267942428588867
836,0.0,16.248506546020508
837,0.0,16.22911834716797
838,100.0,16.328962326049805
839,0.0,16.309524536132812
840,0.0,16.290130615234375
841,0.0,16.270784378051758
842,0.0,16.251483917236328
843,0.0,16.232227325439453
844,100.0,16.331361770629883
845,100.0,16.430259704589844
846,0.0,16.41086196899414
847,100.0,16.50943374633789
848,0.0,16.489988327026367
849,0.0,16.4705867767334
850,100.0,16.568742752075195
851,0.0,16.54929542541504
852,0.0,16.52989387512207
853,0.0,16.51053810119629
854,0.0,16.491228103637695
855,0.0,16.471961975097656
856,100.0,16.569427490234375
857,0.0,16.55011749267578
858,100.0,16.64726448059082
859,0.0,16.627906799316406
860,100.0,16.72473907470703
861,0.0,16.70533561706543
862,0.0,16.685977935791016
863,0.0,16.66666603088379
864,0.0,16.647397994995117
865,0.0,16.628175735473633
866,0.0,16.60899543762207
867,0.0,16.589860916137695
868,0.0,16.570770263671875
869,100.0,16.66666603088379
870,0.0,16.647531509399414
871,100.0,16.743118286132812
872,0.0,16.723941802978516
873,0.0,16.704805374145508
874,0.0,16.685714721679688
875,0.0,16.66666603088379
876,100.0,16.761686325073242
877,0.0,16.742597579956055
878,0.0,16.723548889160156
879,0.0,16.704544067382812
880,100.0,16.79909324645996
881,0.0,16.780046463012695
882,0.0,16.76104164123535
883,0.0,16.742082595825195
884,100.0,16.836158752441406
885,0.0,16.817155838012695
886,100.0,16.910934448242188
887,0.0,16.891891479492188
888,0.0,16.872892379760742
889,0.0,16.853933334350586
890,0.0,16.835018157958984
891,100.0,16.928251266479492
892,0.0,16.9092960357666
893,0.0,16.890380859375
894,0.0,16.87150764465332
895,0.0,16.852680206298828
896,0.0,16.833890914916992
897,0.0,16.81514549255371
898,100.0,16.90767478942871
899,0.0,16.88888931274414
900,0.0,16.870145797729492
901,0.0,16.8514404296875
902,0.0,16.832778930664062
903,0.0,16.814159393310547
904,100.0,16.906076431274414
905,100.0,16.997793197631836
906,100.0,17.089305877685547
907,100.0,17.18061637878418
908,0.0,17.16171646118164
909,0.0,17.142858505249023
910,0.0,17.124040603637695
911,0.0,17.105262756347656
912,0.0,17.086528778076172
913,0.0,17.067832946777344
914,0.0,17.04918098449707
915,0.0,17.030567169189453
916,0.0,17.011995315551758
917,100.0,17.10239601135254
918,100.0,17.19260025024414
919,0.0,17.173912048339844
920,0.0,17.15526580810547
921,100.0,17.245119094848633
922,0.0,17.2264347076416
923,0.0,17.207792282104492
924,0.0,17.189189910888672
925,0.0,17.170625686645508
926,0.0,17.152103424072266
927,0.0,17.133621215820312
928,100.0,17.222820281982422
929,100.0,17.31182861328125
930,0.0,17.29323387145996
931,0.0,17.274677276611328
932,0.0,17.256162643432617
933,0.0,17.237688064575195
934,0.0,17.21925163269043
935,0.0,17.200855255126953
936,0.0,17.182497024536133
937,0.0,17.1641788482666
938,0.0,17.145898818969727
939,0.0,17.12765884399414
940,100.0,17.215726852416992
941,0.0,17.197452545166016
942,0.0,17.179216384887695
943,0.0,17.1610164642334
944,0.0,17.14285659790039
945,0.0,17.12473487854004
946,0.0,17.106653213500977
947,100.0,17.194091796875
948,0.0,17.175973892211914
949,0.0,17.157894134521484
950,100.0,17.245004653930664
951,100.0,17.331933975219727
952,0.0,17.313745498657227
953,100.0,17.400419235229492
954,100.0,17.48691177368164
955,0.0,17.468618392944336
956,0.0,17.45036506652832
957,0.0,17.43214988708496
958,0.0,17.413972854614258
959,0.0,17.39583396911621
960,0.0,17.37773323059082
961,0.0,17.35966682434082
962,0.0,17.341642379760742
963,0.0,17.323652267456055
964,0.0,17.305700302124023
965,0.0,17.287784576416016
966,0.0,17.269906997680664
967,0.0,17.252065658569336
968,0.0,17.234262466430664
969,100.0,17.31958770751953
970,100.0,17.40473747253418
971,100.0,17.48971176147461
972,0.0,17.471736907958984
973,100.0,17.556468963623047
974,0.0,17.538461685180664
975,100.0,17.622949600219727
976,0.0,17.60491180419922
977,0.0,17.586912155151367
978,0.0,17.56894874572754
979,0.0,17.5510196685791
980,100.0,17.63506507873535
981,0.0,17.617109298706055
982,0.0,17.599185943603516
983,0.0,17.581300735473633
984,0.0,17.563451766967773
985,0.0,17.545639038085938
986,0.0,17.527862548828125
987,0.0,17.510122299194336
988,0.0,17.492416381835938
989,0.0,17.474748611450195
990,0.0,17.45711326599121
991,0.0,17.439516067504883
992,0.0,17.421953201293945
993,0.0,17.40442657470703
994,0.0,17.386934280395508
995,0.0,17.369476318359375
996,0.0,17.3520565032959
997,100.0,17.43486976623535
998,100.0,17.51751708984375
999,100.0,17.600000381469727
1000,0.0,17.582416534423828
1001,100.0,17.664670944213867
1002,0.0,17.647058486938477
1003,0.0,17.62948226928711
1004,0.0,17.611940383911133
1005,0.0,17.594432830810547
1006,0.0,17.576961517333984
1007,0.0,17.559524536132812
1008,0.0,17.54212188720703
1009,0.0,17.52475357055664
1010,0.0,17.507417678833008
1011,0.0,17.49011993408203
1012,0.0,17.472854614257812
1013,0.0,17.45562171936035
1014,0.0,17.438425064086914
1015,0.0,17.4212589263916
1016,0.0,17.404130935668945
1017,0.0,17.387033462524414
1018,100.0,17.46810531616211
1019,100.0,17.549020767211914
1020,0.0,17.531831741333008
1021,100.0,17.612524032592773
1022,0.0,17.595308303833008
1023,0.0,17.578125
1024,0.0,17.560976028442383
1025,0.0,17.543859481811523
1026,0.0,17.526777267456055
1027,0.0,17.509727478027344
1028,0.0,17.492712020874023
1029,0.0,17.47572898864746
1030,0.0,17.458778381347656
1031,0.0,17.44186019897461
1032,0.0,17.424976348876953
1033,0.0,17.408124923706055
1034,0.0,17.39130401611328
1035,0.0,17.3745174407959
1036,0.0,17.357763290405273
1037,0.0,17.341041564941406
1038,0.0,17.324350357055664
1039,0.0,17.30769157409668
1040,0.0,17.291065216064453
1041,100.0,17.370441436767578
1042,0.0,17.35378646850586
1043,0.0,17.3371639251709
1044,0.0,17.320573806762695
1045,0.0,17.30401611328125
1046,0.0,17.28748893737793
1047,0.0,17.270992279052734
1048,0.0,17.254528045654297
1049,0.0,17.238094329833984
1050,0.0,17.22169303894043
1051,0.0,17.205322265625
1052,0.0,17.188983917236328
1053,0.0,17.17267608642578
1054,100.0,17.251184463500977
1055,0.0,17.23484992980957
1056,0.0,17.218542098999023
1057,0.0,17.202268600463867
1058,100.0,17.280452728271484
1059,0.0,17.264150619506836
1060,0.0,17.247879028320312
1061,100.0,17.3257999420166
1062,0.0,17.30950164794922
1063,0.0,17.29323387145996
1064,0.0,17.276996612548828
1065,0.0,17.260787963867188
1066,100.0,17.33833122253418
1067,0.0,17.322097778320312
1068,0.0,17.305892944335938
1069,0.0,17.28972053527832
1070,100.0,17.366947174072266
1071,0.0,17.350746154785156
1072,0.0,17.334575653076172
1073,100.0,17.41154670715332
1074,0.0,17.395349502563477
1075,0.0,17.379182815551758
1076,0.0,17.36304473876953
1077,0.0,17.346939086914062
1078,0.0,17.330862045288086
1079,0.0,17.3148136138916
1080,0.0,17.298797607421875
1081,0.0,17.28281021118164
1082,0.0,17.2668514251709
1083,0.0,17.25092315673828
1084,0.0,17.235023498535156
1085,0.0,17.219152450561523
1086,0.0,17.203311920166016
1087,0.0,17.1875
1088,100.0,17.2635440826416
1089,0.0,17.24770736694336
1090,100.0,17.323556900024414
1091,0.0,17.30769157409668
1092,0.0,17.29185676574707
1093,0.0,17.276052474975586
1094,100.0,17.351598739624023
1095,100.0,17.4270076751709
1096,0.0,17.411121368408203
1097,0.0,17.395263671875
1098,0.0,17.379436492919922
1099,0.0,17.363636016845703
1100,0.0,17.34786605834961
1101,0.0,17.332122802734375
1102,0.0,17.316410064697266
1103,100.0,17.39130401611328
1104,100.0,17.466062545776367
1105,100.0,17.540687561035156
1106,0.0,17.524843215942383
1107,0.0,17.50902557373047
1108,100.0,17.58340835571289
1109,100.0,17.657657623291016
1110,0.0,17.64176368713379
1111,0.0,17.625900268554688
1112,0.0,17.610063552856445
1113,0.0,17.594255447387695
1114,100.0,17.668161392211914
1115,0.0,17.65233039855957
1116,100.0,17.726051330566406
1117,100.0,17.79964256286621
1118,0.0,17.783735275268555
1119,0.0,17.76785659790039
1120,0.0,17.75200653076172
1121,0.0,17.73618507385254
1122,100.0,17.809438705444336
1123,100.0,17.8825626373291
1124,100.0,17.955554962158203
1125,0.0,17.93960952758789
1126,100.0,18.012422561645508
1127,0.0,17.9964542388916
1128,0.0,17.980512619018555
1129,100.0,18.053096771240234
1130,100.0,18.125553131103516
1131,100.0,18.197879791259766
1132,100.0,18.270078659057617
1133,0.0,18.25396728515625
1134,0.0,18.237886428833008
1135,0.0,18.221830368041992
1136,0.0,18.2058048248291
1137,0.0,18.18980598449707
1138,0.0,18.173837661743164
1139,0.0,18.157896041870117
1140,0.0,18.14198112487793
1141,0.0,18.126094818115234
1142,100.0,18.197725296020508
1143,0.0,18.18181800842285
1144,0.0,18.165939331054688
1145,0.0,18.150087356567383
1146,0.0,18.13426399230957
1147,100.0,18.205575942993164
1148,0.0,18.189729690551758
1149,0.0,18.173913955688477
1150,100.0,18.245004653930664
1151,0.0,18.22916603088379
1152,0.0,18.213356018066406
1153,0.0,18.197574615478516
1154,0.0,18.18181800842285
1155,100.0,18.252595901489258
1156,100.0,18.32324981689453
1157,0.0,18.30742645263672
1158,0.0,18.2916316986084
1159,100.0,18.36206817626953
1160,0.0,18.346254348754883
1161,0.0,18.33046531677246
1162,0.0,18.3147029876709
1163,100.0,18.38488006591797
1164,0.0,18.369098663330078
1165,0.0,18.35334587097168
1166,100.0,18.423307418823242
1167,100.0,18.49315071105957
1168,0.0,18.477331161499023
1169,0.0,18.461538314819336
1170,100.0,18.531169891357422
1171,0.0,18.515357971191406
1172,0.0,18.499574661254883
1173,100.0,18.568994522094727
1174,100.0,18.63829803466797
1175,0.0,18.622447967529297
1176,100.0,18.691587448120117
1177,0.0,18.675722122192383
1178,100.0,18.744699478149414
1179,0.0,18.72881317138672
1180,100.0,18.79762840270996
1181,100.0,18.8663272857666
1182,0.0,18.850379943847656
1183,0.0,18.83445930480957
1184,100.0,18.9029541015625
1185,0.0,18.88701629638672
1186,100.0,18.95534896850586
1187,0.0,18.939393997192383
1188,100.0,19.007570266723633
1189,0.0,18.991596221923828
1190,0.0,18.975650787353516
1191,0.0,18.959732055664062
1192,0.0,18.94384002685547
1193,0.0,18.9279727935791
1194,0.0,18.912134170532227
1195,0.0,18.896320343017578
1196,0.0,18.880535125732422
1197,0.0,18.864774703979492
1198,0.0,18.849040985107422
1199,100.0,18.916667938232422
1200,0.0,18.900915145874023
1201,0.0,18.885190963745117
1202,100.0,18.952619552612305
1203,100.0,19.019933700561523
1204,100.0,19.08713722229004
1205,0.0,19.07131004333496
1206,0.0,19.055509567260742
1207,0.0,19.039735794067383
1208,0.0,19.02398681640625
1209,0.0,19.008264541625977
1210,0.0,18.992568969726562
1211,0.0,18.976898193359375
1212,0.0,18.961254119873047
1213,0.0,18.945632934570312
1214,0.0,18.93004035949707
1215,0.0,18.914474487304688
1216,0.0,18.8989315032959
1217,0.0,18.88341522216797
1218,100.0,18.94995880126953
1219,0.0,18.934425354003906
1220,0.0,18.91891860961914
1221,0.0,18.9034366607666
1222,0.0,18.88797950744629
1223,0.0,18.872549057006836
1224,0.0,18.85714340209961
1225,0.0,18.84176254272461
1226,0.0,18.826404571533203
1227,100.0,18.892507553100586
1228,0.0,18.87713623046875
1229,0.0,18.861787796020508
1230,0.0,18.846466064453125
1231,0.0,18.83116912841797
1232,0.0,18.815895080566406
1233,0.0,18.800647735595703
1234,0.0,18.785425186157227
1235,0.0,18.770227432250977
1236,0.0,18.75505256652832
1237,0.0,18.739904403686523
1238,0.0,18.724777221679688
1239,100.0,18.790321350097656
1240,0.0,18.77518081665039
1241,0.0,18.76006507873535
1242,0.0,18.744972229003906
1243,0.0,18.729904174804688
1244,0.0,18.714859008789062
1245,0.0,18.699838638305664
1246,0.0,18.684843063354492
1247,0.0,18.669872283935547
1248,0.0,18.654924392700195
1249,0.0,18.639999389648438
1250,100.0,18.705036163330078
1251,0.0,18.690095901489258
1252,0.0,18.675180435180664
1253,0.0,18.66028594970703
1254,0.0,18.645418167114258
1255,0.0,18.630573272705078
1256,0.0,18.615751266479492
1257,100.0,18.680444717407227
1258,0.0,18.665607452392578
1259,0.0,18.650793075561523
1260,100.0,18.71530532836914
1261,100.0,18.779714584350586
1262,0.0,18.76484489440918
1263,0.0,18.75
1264,0.0,18.735177993774414
1265,0.0,18.720378875732422
1266,0.0,18.705602645874023
1267,0.0,18.69085121154785
1268,0.0,18.676122665405273
1269,0.0,18.66141700744629
1270,0.0,18.6467342376709
1271,0.0,18.6320743560791
1272,0.0,18.61743927001953
1273,0.0,18.602827072143555
1274,100.0,18.66666603088379
1275,0.0,18.652036666870117
1276,100.0,18.715740203857422
1277,0.0,18.701095581054688
1278,0.0,18.686473846435547
1279,0.0,18.671875
1280,0.0,18.657299041748047
1281,100.0,18.720748901367188
1282,100.0,18.784099578857422
1283,0.0,18.76947021484375
1284,0.0,18.754863739013672
1285,0.0,18.740280151367188
1286,0.0,18.725719451904297
1287,0.0,18.711179733276367
1288,100.0,18.77424430847168
1289,100.0,18.837209701538086
1290,0.0,18.82261848449707
1291,100.0,18.885448455810547
1292,0.0,18.87084197998047
1293,0.0,18.856258392333984
1294,0.0,18.841697692871094
1295,0.0,18.827159881591797
1296,0.0,18.812644958496094
1297,0.0,18.79815101623535
1298,0.0,18.783679962158203
1299,0.0,18.769229888916016
1300,0.0,18.754804611206055
1301,0.0,18.740400314331055
1302,0.0,18.726016998291016
1303,0.0,18.71165657043457
1304,0.0,18.69731903076172
1305,100.0,18.759571075439453
1306,0.0,18.74521827697754
1307,0.0,18.73088836669922
1308,100.0,18.792972564697266
1309,0.0,18.77862548828125
1310,0.0,18.76430320739746
1311,100.0,18.82621955871582
1312,100.0,18.888042449951172
1313,0.0,18.873668670654297
1314,0.0,18.859315872192383
1315,0.0,18.844985961914062
1316,0.0,18.83067512512207
1317,0.0,18.816389083862305
1318,0.0,18.8021240234375
1319,0.0,18.787878036499023
1320,0.0,18.773656845092773
1321,0.0,18.75945472717285
1322,0.0,18.745275497436523
1323,0.0,18.731117248535156
1324,0.0,18.716981887817383
1325,0.0,18.702865600585938
1326,100.0,18.764129638671875
1327,0.0,18.75
1328,100.0,18.81113624572754
1329,0.0,18.796993255615234
1330,0.0,18.782869338989258
1331,100.0,18.843843460083008
1332,0.0,18.829708099365234
1333,0.0,18.81559181213379
1334,0.0,18.801498413085938
1335,0.0,18.787425994873047
1336,0.0,18.773374557495117
1337,0.0,18.759342193603516
1338,0.0,18.745332717895508
1339,0.0,18.73134422302246
1340,0.0,18.717374801635742
1341,0.0,18.703428268432617
1342,100.0,18.763961791992188
1343,0.0,18.75
1344,0.0,18.736059188842773
1345,0.0,18.722139358520508
1346,0.0,18.708240509033203
1347,0.0,18.69436264038086
1348,0.0,18.680503845214844
1349,0.0,18.66666603088379
1350,0.0,18.652849197387695
1351,0.0,18.639053344726562
1352,0.0,18.625276565551758
1353,0.0,18.611520767211914
1354,0.0,18.59778594970703
1355,0.0,18.584070205688477
1356,0.0,18.570375442504883
1357,0.0,18.55670166015625
1358,0.0,18.543046951293945
1359,0.0,18.52941131591797
1360,0.0,18.515796661376953
1361,0.0,18.5022029876709
1362,0.0,18.488628387451172
1363,0.0,18.475072860717773
1364,0.0,18.461538314819336
1365,0.0,18.448022842407227
1366,0.0,18.434528350830078
1367,0.0,18.421052932739258
1368,0.0,18.407596588134766
1369,0.0,18.3941593170166
1370,0.0,18.38074493408203
1371,100.0,18.44023323059082
1372,0.0,18.426803588867188
1373,0.0,18.41339111328125
1374,0.0,18.399999618530273
1375,0.0,18.386627197265625
1376,0.0,18.373275756835938
1377,0.0,18.359941482543945
1378,0.0,18.346628189086914
1379,0.0,18.33333396911621
1380,0.0,18.320058822631836
1381,0.0,18.306800842285156
1382,0.0,18.29356575012207
1383,0.0,18.280345916748047
1384,0.0,18.267148971557617
1385,0.0,18.25396728515625
1386,0.0,18.240806579589844
1387,0.0,18.227664947509766
1388,0.0,18.214542388916016
1389,0.0,18.201438903808594
1390,0.0,18.1883544921875
1391,0.0,18.1752872467041
1392,0.0,18.16223907470703
1393,0.0,18.149211883544922
1394,0.0,18.136199951171875
1395,0.0,18.12320899963379
1396,0.0,18.1102352142334
1397,0.0,18.09728240966797
1398,0.0,18.084346771240234
1399,0.0,18.071428298950195
1400,0.0,18.058528900146484
1401,0.0,18.045650482177734
1402,0.0,18.032787322998047
1403,0.0,18.019943237304688
1404,0.0,18.007118225097656
1405,100.0,18.065433502197266
1406,100.0,18.123668670654297
1407,100.0,18.18181800842285
1408,0.0,18.168914794921875
1409,0.0,18.156028747558594
1410,100.0,18.214033126831055
1411,0.0,18.201133728027344
1412,0.0,18.188251495361328
1413,0.0,18.175390243530273
1414,0.0,18.16254425048828
1415,0.0,18.149717330932617
1416,0.0,18.13690948486328
1417,0.0,18.12411880493164
1418,0.0,18.111345291137695
1419,0.0,18.098590850830078
1420,0.0,18.085853576660156
1421,0.0,18.073135375976562
1422,100.0,18.130708694458008
1423,0.0,18.117977142333984
1424,0.0,18.10526466369629
1425,0.0,18.092565536499023
1426,0.0,18.07988739013672
1427,0.0,18.06722640991211
1428,0.0,18.054584503173828
1429,0.0,18.04195785522461
1430,0.0,18.02935028076172
1431,0.0,18.016759872436523
1432,0.0,18.004186630249023
1433,0.0,17.99163246154785
1434,100.0,18.04878044128418
1435,0.0,18.036211013793945
1436,0.0,18.02366065979004
1437,0.0,18.011127471923828
1438,0.0,17.998611450195312
1439,0.0,17.98611068725586
1440,0.0,17.973628997802734
1441,0.0,17.961166381835938
1442,0.0,17.94871711730957
1443,0.0,17.93628692626953
1444,100.0,17.993080139160156
1445,0.0,17.980636596679688
1446,0.0,17.968210220336914
1447,0.0,17.955801010131836
1448,0.0,17.943408966064453
1449,100.0,18.0
1450,100.0,18.0565128326416
1451,100.0,18.112947463989258
1452,0.0,18.100482940673828
1453,0.0,18.08803367614746
1454,0.0,18.07560157775879
1455,0.0,18.063186645507812
1456,0.0,18.05078887939453
1457,0.0,18.038408279418945
1458,100.0,18.094585418701172
1459,0.0,18.082191467285156
1460,100.0,18.138261795043945
1461,0.0,18.125856399536133
1462,100.0,18.18181800842285
1463,0.0,18.16939926147461
1464,0.0,18.15699577331543
1465,0.0,18.144611358642578
1466,0.0,18.132244110107422
1467,100.0,18.188011169433594
1468,100.0,18.243703842163086
1469,0.0,18.231292724609375
1470,0.0,18.21889877319336
1471,0.0,18.20652198791504
1472,0.0,18.19416046142578
1473,0.0,18.18181800842285
1474,0.0,18.169490814208984
1475,0.0,18.157182693481445
1476,0.0,18.144887924194336
1477,0.0,18.132610321044922
1478,100.0,18.187963485717773
1479,0.0,18.175676345825195
1480,0.0,18.163402557373047
1481,0.0,18.151145935058594
1482,0.0,18.13890838623047
1483,100.0,18.194068908691406
1484,0.0,18.18181800842285
1485,0.0,18.16958236694336
1486,0.0,18.157363891601562
1487,0.0,18.145160675048828
1488,100.0,18.20013427734375
1489,0.0,18.18791961669922
1490,100.0,18.24279022216797
1491,0.0,18.23056411743164
1492,0.0,18.218351364135742
1493,0.0,18.206157684326172
1494,0.0,18.193979263305664
1495,100.0,18.2486629486084
1496,100.0,18.303274154663086
1497,0.0,18.29105567932129
1498,100.0,18.345563888549805
1499,0.0,18.33333396911621
1500,100.0,18.387741088867188
1501,0.0,18.375497817993164
1502,0.0,18.36327362060547
1503,0.0,18.351062774658203
1504,0.0,18.338869094848633
1505,100.0,18.393095016479492
1506,0.0,18.380889892578125
1507,100.0,18.435012817382812
1508,0.0,18.42279815673828
1509,0.0,18.41059684753418
1510,100.0,18.46459197998047
1511,0.0,18.452381134033203
1512,0.0,18.440185546875
1513,0.0,18.42800521850586
1514,0.0,18.415842056274414
1515,0.0,18.40369415283203
1516,0.0,18.39156150817871
1517,0.0,18.379446029663086
1518,0.0,18.367345809936523
1519,0.0,18.35526466369629
1520,0.0,18.343196868896484
1521,0.0,18.33114242553711
1522,0.0,18.319107055664062
1523,0.0,18.307086944580078
1524,0.0,18.295082092285156
1525,0.0,18.28309440612793
1526,0.0,18.271120071411133
1527,0.0,18.25916290283203
1528,0.0,18.24721908569336
1529,0.0,18.235294342041016
1530,0.0,18.2233829498291
1531,0.0,18.211488723754883
1532,0.0,18.199609756469727
1533,0.0,18.187744140625
1534,0.0,18.17589569091797
1535,0.0,18.1640625
1536,0.0,18.152244567871094
1537,0.0,18.14044189453125
1538,100.0,18.193632125854492
1539,100.0,18.246753692626953
1540,0.0,18.234912872314453
1541,100.0,18.28793716430664
1542,0.0,18.276084899902344
1543,0.0,18.26424789428711
1544,0.0,18.252426147460938
1545,0.0,18.24062156677246
1546,100.0,18.293472290039062
1547,0.0,18.281654357910156
1548,100.0,18.334409713745117
1549,0.0,18.322582244873047
1550,0.0,18.310766220092773
1551,0.0,18.298969268798828
1552,0.0,18.287187576293945
1553,0.0,18.275419235229492
1554,100.0,18.327974319458008
1555,100.0,18.380462646484375
1556,0.0,18.3686580657959
1557,0.0,18.356868743896484
1558,0.0,18.3450927734375
1559,0.0,18.33333396911621
1560,0.0,18.32158851623535
1561,0.0,18.309860229492188
1562,0.0,18.298145294189453
1563,0.0,18.28644561767578
1564,100.0,18.33865737915039
1565,0.0,18.326946258544922
1566,0.0,18.31525230407715
1567,100.0,18.367345809936523
1568,0.0,18.355640411376953
1569,0.0,18.343948364257812
1570,100.0,18.395925521850586
1571,0.0,18.38422393798828
1572,0.0,18.372535705566406
1573,100.0,18.424396514892578
1574,100.0,18.4761905670166
1575,100.0,18.527917861938477
1576,0.0,18.516170501708984
1577,100.0,18.567808151245117
1578,0.0,18.556047439575195
1579,0.0,18.54430389404297
1580,100.0,18.5958251953125
1581,100.0,18.647281646728516
1582,0.0,18.635501861572266
1583,100.0,18.68686866760254
1584,0.0,18.675079345703125
1585,0.0,18.66330337524414
1586,0.0,18.65154266357422
1587,100.0,18.702770233154297
1588,0.0,18.69099998474121
1589,0.0,18.679244995117188
1590,0.0,18.667505264282227
1591,0.0,18.655778884887695
1592,0.0,18.644067764282227
1593,0.0,18.63237190246582
1594,0.0,18.620689392089844
1595,0.0,18.60902214050293
1596,0.0,18.597370147705078
1597,0.0,18.58573341369629
1598,0.0,18.574108123779297
1599,0.0,18.5625
1600,0.0,18.550907135009766
1601,0.0,18.539325714111328
1602,0.0,18.527759552001953
1603,0.0,18.516210556030273
1604,100.0,18.566978454589844
1605,0.0,18.555416107177734
1606,100.0,18.606098175048828
1607,0.0,18.594526290893555
1608,0.0,18.582969665527344
1609,0.0,18.571428298950195
1610,0.0,18.55990219116211
1611,0.0,18.54838752746582
1612,0.0,18.536888122558594
1613,100.0,18.587360382080078
1614,100.0,18.637771606445312
1615,0.0,18.626237869262695
1616,0.0,18.61471939086914
1617,0.0,18.603214263916016
1618,0.0,18.591724395751953
1619,0.0,18.58024787902832
1620,0.0,18.568784713745117
1621,0.0,18.557336807250977
1622,0.0,18.545902252197266
1623,0.0,18.534482955932617
1624,0.0,18.5230770111084
1625,0.0,18.51168441772461
1626,0.0,18.500307083129883
1627,0.0,18.488943099975586
1628,0.0,18.47759246826172
1629,0.0,18.466257095336914
1630,100.0,18.51624870300293
1631,0.0,18.504901885986328
1632,0.0,18.49357032775879
1633,0.0,18.48225212097168
1634,0.0,18.470947265625
1635,0.0,18.459657669067383
1636,0.0,18.448381423950195
1637,0.0,18.437118530273438
1638,0.0,18.42586898803711
1639,0.0,18.414634704589844
1640,0.0,18.403411865234375
1641,0.0,18.3922061920166
1642,0.0,18.381010055541992
1643,100.0,18.43065643310547
1644,0.0,18.419452667236328
1645,0.0,18.408262252807617
1646,0.0,18.397085189819336
1647,0.0,18.385923385620117
1648,0.0,18.374773025512695
1649,0.0,18.363636016845703
1650,0.0,18.35251235961914
1651,0.0,18.341405868530273
1652,0.0,18.33030891418457
1653,0.0,18.31922721862793
1654,0.0,18.308156967163086
1655,0.0,18.297101974487305
1656,0.0,18.28605842590332
1657,0.0,18.2750301361084
1658,0.0,18.264015197753906
1659,0.0,18.25301170349121
1660,0.0,18.242023468017578
1661,0.0,18.231046676635742
1662,0.0,18.22008514404297
1663,0.0,18.209135055541992
1664,0.0,18.198198318481445
1665,0.0,18.187274932861328
1666,0.0,18.17636489868164
1667,0.0,18.165468215942383
1668,100.0,18.214500427246094
1669,0.0,18.20359230041504
1670,100.0,18.25254249572754
1671,0.0,18.241626739501953
1672,0.0,18.230724334716797
1673,0.0,18.219831466674805
1674,0.0,18.208953857421875
1675,100.0,18.25775718688965
1676,0.0,18.246868133544922
1677,100.0,18.295589447021484
1678,100.0,18.34425163269043
1679,0.0,18.33333396911621
1680,0.0,18.322425842285156
1681,0.0,18.311532974243164
1682,0.0,18.3006534576416
1683,100.0,18.34916877746582
1684,100.0,18.397626876831055
1685,100.0,18.446025848388672
1686,0.0,18.43509292602539
1687,0.0,18.424171447753906
1688,100.0,18.472469329833984
1689,100.0,18.520709991455078
1690,100.0,18.568893432617188
1691,0.0,18.557920455932617
1692,0.0,18.546958923339844
1693,0.0,18.536008834838867
1694,0.0,18.525074005126953
1695,0.0,18.514150619506836
1696,100.0,18.562170028686523
1697,0.0,18.551237106323242
1698,0.0,18.54031753540039
1699,0.0,18.52941131591797
1700,0.0,18.518518447875977
1701,0.0,18.50763702392578
1702,0.0,18.49677085876465
1703,0.0,18.485916137695312
1704,0.0,18.475074768066406
1705,0.0,18.464242935180664
1706,0.0,18.453426361083984
1707,0.0,18.4426212310791
1708,0.0,18.43183135986328
1709,0.0,18.421052932739258
1710,100.0,18.468730926513672
1711,0.0,18.457942962646484
1712,0.0,18.447168350219727
1713,0.0,18.4364070892334
1714,0.0,18.425655364990234
1715,0.0,18.414918899536133
1716,0.0,18.404193878173828
1717,0.0,18.39348030090332
1718,0.0,18.382781982421875
1719,100.0,18.430233001708984
1720,0.0,18.419523239135742
1721,0.0,18.40882682800293
1722,100.0,18.456180572509766
1723,0.0,18.44547462463379
1724,100.0,18.492752075195312
1725,100.0,18.539976119995117
1726,100.0,18.58714485168457
1727,100.0,18.634260177612305
1728,0.0,18.62348175048828
1729,100.0,18.67051887512207
1730,0.0,18.659732818603516
1731,0.0,18.64896011352539
1732,0.0,18.638198852539062
1733,0.0,18.627450942993164
1734,0.0,18.616714477539062
1735,0.0,18.60599136352539
1736,0.0,18.595279693603516
1737,100.0,18.642118453979492
1738,0.0,18.631397247314453
1739,0.0,18.620689392089844
1740,100.0,18.66743278503418
1741,0.0,18.656715393066406
1742,0.0,18.646013259887695
1743,0.0,18.63532066345215
1744,100.0,18.681947708129883
1745,0.0,18.671249389648438
1746,0.0,18.660560607910156
1747,0.0,18.649885177612305
1748,0.0,18.639223098754883
1749,0.0,18.628570556640625
1750,0.0,18.61793327331543
1751,0.0,18.6073055267334
1752,0.0,18.596691131591797
1753,100.0,18.64310073852539
1754,0.0,18.632478713989258
1755,0.0,18.621868133544922
1756,0.0,18.611268997192383
1757,0.0,18.60068130493164
1758,0.0,18.59010887145996
1759,0.0,18.579544067382812
1760,100.0,18.62578010559082
1761,0.0,18.615211486816406
1762,0.0,18.604650497436523
1763,0.0,18.594104766845703
1764,0.0,18.58357048034668
1765,0.0,18.57304573059082
1766,0.0,18.562536239624023
1767,0.0,18.55203628540039
1768,0.0,18.541549682617188
1769,0.0,18.53107452392578
1770,0.0,18.52060890197754
1771,0.0,18.51015853881836
1772,0.0,18.499719619750977
1773,100.0,18.545658111572266
1774,0.0,18.53521156311035
1775,0.0,18.5247745513916
1776,0.0,18.51434898376465
1777,0.0,18.503938674926758
1778,0.0,18.4935359954834
1779,0.0,18.48314666748047
1780,0.0,18.472768783569336
1781,0.0,18.46240234375
1782,0.0,18.45204734802246
1783,0.0,18.44170570373535
1784,0.0,18.431373596191406
1785,0.0,18.421052932739258
1786,0.0,18.410743713378906
1787,0.0,18.400447845458984
1788,0.0,18.390161514282227
1789,0.0,18.3798885345459
1790,0.0,18.369625091552734
1791,0.0,18.359375
1792,0.0,18.349136352539062
1793,0.0,18.33890724182129
1794,0.0,18.328691482543945
1795,0.0,18.318485260009766
1796,0.0,18.308292388916016
1797,0.0,18.29810905456543
1798,0.0,18.28793716430664
1799,0.0,18.27777862548828
1800,0.0,18.267627716064453
1801,0.0,18.257492065429688
1802,0.0,18.247365951538086
1803,0.0,18.23725128173828
1804,0.0,18.22714614868164
1805,0.0,18.21705436706543
1806,0.0,18.206974029541016
1807,0.0,18.196903228759766
1808,0.0,18.186843872070312
1809,0.0,18.176794052124023
1810,100.0,18.221975326538086
1811,0.0,18.2119197845459
1812,0.0,18.201873779296875
1813,0.0,18.19184112548828
1814,0.0,18.18181800842285
1815,0.0,18.17180633544922
1816,0.0,18.161806106567383
1817,0.0,18.15181541442871
1818,0.0,18.141836166381836
1819,0.0,18.131868362426758
1820,0.0,18.121912002563477
1821,0.0,18.11196517944336
1822,0.0,18.10202980041504
1823,0.0,18.092105865478516
1824,0.0,18.082191467285156
1825,0.0,18.072290420532227
1826,0.0,18.062397003173828
1827,0.0,18.05251693725586
1828,0.0,18.042644500732422
1829,0.0,18.032787322998047
1830,0.0,18.022937774658203
1831,0.0,18.01310157775879
1832,0.0,18.003273010253906
1833,0.0,17.99345588684082
1834,100.0,18.038148880004883
1835,0.0,18.028322219848633
1836,0.0,18.01850700378418
1837,0.0,18.008705139160156
1838,0.0,17.998912811279297
1839,0.0,17.9891300201416
1840,0.0,17.979358673095703
1841,0.0,17.9695987701416
1842,0.0,17.959848403930664
1843,0.0,17.950109481811523
1844,0.0,17.940378189086914
1845,0.0,17.930660247802734
1846,0.0,17.92095184326172
1847,0.0,17.9112548828125
1848,100.0,17.955652236938477
1849,0.0,17.945945739746094
1850,100.0,17.990276336669922
1851,100.0,18.034557342529297
1852,100.0,18.07879066467285
1853,0.0,18.06903839111328
1854,100.0,18.11320686340332
1855,0.0,18.10344886779785
1856,100.0,18.14754867553711
1857,100.0,18.19160270690918
1858,100.0,18.23560905456543
1859,0.0,18.225807189941406
1860,0.0,18.216012954711914
1861,0.0,18.20623016357422
1862,0.0,18.196456909179688
1863,100.0,18.24034309387207
1864,0.0,18.230562210083008
1865,0.0,18.220792770385742
1866,0.0,18.21103286743164
1867,0.0,18.201284408569336
1868,0.0,18.191545486450195
1869,0.0,18.18181800842285
1870,0.0,18.172101974487305
1871,0.0,18.16239356994629
1872,0.0,18.15269660949707
1873,0.0,18.143009185791016
1874,0.0,18.133333206176758
1875,0.0,18.123668670654297
1876,0.0,18.114011764526367
1877,0.0,18.104366302490234
1878,100.0,18.147951126098633
1879,0.0,18.13829803466797
1880,0.0,18.12865447998047
1881,0.0,18.119022369384766
1882,0.0,18.109399795532227
1883,0.0,18.099788665771484
1884,100.0,18.14323616027832
1885,100.0,18.1866397857666
1886,0.0,18.177000045776367
1887,100.0,18.220338821411133
1888,100.0,18.26363182067871
1889,100.0,18.3068790435791
1890,100.0,18.350078582763672
1891,100.0,18.393234252929688
1892,100.0,18.436344146728516
1893,100.0,18.47941017150879
1894,0.0,18.469655990600586
1895,0.0,18.459915161132812
1896,100.0,18.502899169921875
1897,0.0,18.49315071105957
1898,0.0,18.48341178894043
1899,0.0,18.473684310913086
1900,0.0,18.463966369628906
1901,0.0,18.45425796508789
1902,100.0,18.49711036682129
1903,100.0,18.5399169921875
1904,0.0,18.530183792114258
1905,0.0,18.52046012878418
1906,0.0,18.51074981689453
1907,0.0,18.501047134399414
1908,0.0,18.491357803344727
1909,0.0,18.48167610168457
1910,100.0,18.52433204650879
1911,0.0,18.514644622802734
1912,0.0,18.50496482849121
1913,0.0,18.495296478271484
1914,0.0,18.485639572143555
1915,0.0,18.47599220275879
1916,0.0,18.466352462768555
1917,0.0,18.45672607421875
1918,0.0,18.447107315063477
1919,0.0,18.437501907348633
1920,0.0,18.427902221679688
1921,0.0,18.418315887451172
1922,0.0,18.408735275268555
1923,100.0,18.451143264770508
1924,0.0,18.441556930541992
1925,0.0,18.431983947753906
1926,0.0,18.42241859436035
1927,0.0,18.412864685058594
1928,0.0,18.403316497802734
1929,0.0,18.393783569335938
1930,0.0,18.38425636291504
1931,0.0,18.374740600585938
1932,0.0,18.365236282348633
1933,0.0,18.35573959350586
1934,0.0,18.34625244140625
